{

    /**
     * @cfg {String} applicationName
     * 
     * This is the name of your application, which is displayed on the device when the app is installed. On IOS, this should match
     * the name of your application in the Apple Provisioning Portal.
     */
    "applicationName": "mobile",

    /**
     * @cfg {String} applicationId
     * 
     * This is the name namespace for your application. On IOS, this should match the name of your application in the Apple Provisioning Portal.
     */
    "applicationId": "com.mycompany.Inyungu",

    /**
     * @cfg {String} versionString
     * 
     * This is the version of your application.
     */
    "versionString": "1.0",

    /**
     * @cfg {String} versionCode
     * 
     * This is the integer version code of your application, or you can refer to it as a build number. Used only for Android builds.
     */
    "versionCode": "1",

    /**
     * @cfg {Object} icon
     * 
     * For iOS, please refer to their documentation about icon sizes:
     * https://developer.apple.com/library/ios/#documentation/userexperience/conceptual/mobilehig/IconsImages/IconsImages.html
     * 
     * For Android, please refer to the Google Launcher icons guide:
     * http://developer.android.com/guide/practices/ui_guidelines/icon_design_launcher.html
     */
    "icon": {
        "36": "resources/icons/Icon_Android36.png",
        "48": "resources/icons/Icon_Android48.png",
        "72": "resources/icons/Icon~ipad.png"
    },

    /**
     * @cfg {String} inputPath
     * 
     * This is location of your Sencha Touch 2 application, relative to this configuration file.
     */
    "inputPath": "./",

    /**
     * @cfg {String} outputPath
     * 
     * This is where the built application file with be saved. Make sure that output path is not in your input path, you may get into endless recursive copying
     */
    "outputPath": "../build/",

    /**
     * @cfg {String} configuration
     * 
     * This is configuration for your application. `Debug` should always be used unless you are submitting your app to an online
     * store - in which case `Release` should be specified.
     */
    "configuration": "Debug",

    /**
     * @cfg {String} platform
     * 
     * This is the platform where you will be running your application.
     * Available options are:
     *  - iOSSimulator
     *  - iOS
     *  - Android
     *  - AndroidEmulator
     */
    "platform": "AndroidEmulator",

    /**
     * @cfg {String} deviceType
     * 
     * This is device type that your application will be running on.
     * If you are developing for Android, this is not necessary.
     * Available options are:
     *  - iPhone
     *  - iPad
     *  - Universal
     */
    "deviceType": "Universal",

    /**
     * @cfg {String} certificatePath
     * 
     * This is the location of your certificate.
     * This is required when you are developing for Android or you are developing on Windows.
     */
    "certificatePath": "",

    /**
     * @cfg {String} certificatePassword
     * 
     * The password which was specified during certificate export.
     */
    "certificatePassword": "",

    /**
     * @cfg {String} sdkPath
     * 
     * This is the path to the Android SDK, if you are developing an Android application.
     */
    "sdkPath": "C:/adt-bundle-windows/sdk",

    /**
     * @cfg {String} androidAPILevel
     * 
     * This is android API level, the version of Android SDK to use, you can read more about it here: http://developer.android.com/guide/appendix/api-levels.html.
     * Be sure to install corresponding platform API in android SDK manager (android_sdk/tools/android)
     */
    "androidAPILevel": "17",

    /**
     * @cfg {Array[String]} permissions
     * 
     * Array of permissions that is used by an application (Android only)
     * Full list of permissions for Android application can be found here: http://developer.android.com/reference/android/Manifest.permission.html#ACCESS_CHECKIN_PROPERTIES
     */
    "permissions": [
        "INTERNET",
        "ACCESS_NETWORK_STATE",
        "CAMERA",
        "VIBRATE",
        "ACCESS_FINE_LOCATION",
        "ACCESS_COARSE_LOCATION",
        "CALL_PHONE"
    ],

    /**
     * @cfg {Array[String]} orientations
     * 
     * This is orientations that this application can run.
     */
    "orientations": [
        "portrait",
        "portraitUpsideDown",
        "landscapeLeft",
        "landscapeRight"
    ]
}