{"icon":{"36":"resources/icons/Icon_Android36.png","48":"resources/icons/Icon_Android48.png","72":"resources/icons/Icon~ipad.png"},"platform":"AndroidEmulator","outputPath":"C:\\xampp\\htdocs\\inyungu\\mobile/build/native-package-mobile/Inyungu/packager.json","applicationName":"mobile","applicationId":"com.mycompany.Inyungu","versionCode":"1","sdkPath":"C:/adt-bundle-windows/sdk","versionString":"1.0","inputPath":"C:\\xampp\\htdocs\\inyungu\\mobile/build/native/Inyungu","certificatePath":"","certificatePassword":"","deviceType":"Universal","androidAPILevel":"17","permissions":["INTERNET","ACCESS_NETWORK_STATE","CAMERA","VIBRATE","ACCESS_FINE_LOCATION","ACCESS_COARSE_LOCATION","CALL_PHONE"],"configuration":"Debug","orientations":["portrait","portraitUpsideDown","landscapeLeft","landscapeRight"]}